device_id,device_type,vital_name,normal_low,normal_high,patient_id,ward,home_subnet,firmware
DEV-1000,wearable_ecg,heart_rate_bpm,55.0,100.0,PT-18032,Cardiology,10.20.2.,v3.3.0
DEV-1001,wearable_ecg,heart_rate_bpm,55.0,100.0,PT-49498,ICU,10.20.3.,v3.2.1
DEV-1002,wearable_ecg,heart_rate_bpm,55.0,100.0,PT-57382,Pediatrics,10.20.3.,v3.2.2
DEV-1003,wearable_ecg,heart_rate_bpm,55.0,100.0,PT-78501,General-B,10.20.1.,v3.2.1
DEV-1004,wearable_ecg,heart_rate_bpm,55.0,100.0,PT-55031,General-A,10.20.1.,v3.2.2
DEV-1005,wearable_ecg,heart_rate_bpm,55.0,100.0,PT-93407,General-B,10.20.3.,v3.2.1
DEV-1006,wearable_ecg,heart_rate_bpm,55.0,100.0,PT-50540,General-A,10.20.1.,v3.2.1
DEV-1007,wearable_ecg,heart_rate_bpm,55.0,100.0,PT-59912,Pediatrics,10.20.3.,v3.2.2
DEV-1008,wearable_ecg,heart_rate_bpm,55.0,100.0,PT-24870,Cardiology,10.20.3.,v3.3.0
DEV-1009,wearable_ecg,heart_rate_bpm,55.0,100.0,PT-41906,General-B,10.20.3.,v3.2.2
DEV-1010,wearable_ecg,heart_rate_bpm,55.0,100.0,PT-78390,ICU,10.20.2.,v3.2.1
DEV-1011,wearable_ecg,heart_rate_bpm,55.0,100.0,PT-52004,General-B,10.20.1.,v3.2.2
DEV-1012,wearable_spo2,spo2_pct,94.0,100.0,PT-93026,Cardiology,10.20.2.,v3.2.1
DEV-1013,wearable_spo2,spo2_pct,94.0,100.0,PT-97074,Pediatrics,10.20.2.,v3.2.1
DEV-1014,wearable_spo2,spo2_pct,94.0,100.0,PT-81610,ICU,10.20.2.,v3.2.1
DEV-1015,wearable_spo2,spo2_pct,94.0,100.0,PT-21692,General-A,10.20.1.,v3.2.2
DEV-1016,wearable_spo2,spo2_pct,94.0,100.0,PT-94626,General-B,10.20.1.,v3.2.2
DEV-1017,wearable_spo2,spo2_pct,94.0,100.0,PT-84940,ICU,10.20.1.,v3.3.0
DEV-1018,wearable_spo2,spo2_pct,94.0,100.0,PT-49169,Pediatrics,10.20.3.,v3.2.1
DEV-1019,wearable_spo2,spo2_pct,94.0,100.0,PT-44872,General-A,10.20.3.,v3.2.1
DEV-1020,wearable_spo2,spo2_pct,94.0,100.0,PT-84945,ICU,10.20.3.,v3.2.2
DEV-1021,wearable_spo2,spo2_pct,94.0,100.0,PT-10662,Cardiology,10.20.2.,v3.2.2
DEV-1022,wearable_spo2,spo2_pct,94.0,100.0,PT-34940,Cardiology,10.20.2.,v3.2.2
DEV-1023,wearable_spo2,spo2_pct,94.0,100.0,PT-51301,ICU,10.20.1.,v3.2.1
DEV-1024,smart_infusion_pump,infusion_rate_mlhr,10.0,150.0,PT-49564,Cardiology,10.20.2.,v3.2.2
DEV-1025,smart_infusion_pump,infusion_rate_mlhr,10.0,150.0,PT-52398,ICU,10.20.3.,v3.2.2
DEV-1026,smart_infusion_pump,infusion_rate_mlhr,10.0,150.0,PT-60883,General-B,10.20.1.,v3.2.1
DEV-1027,smart_infusion_pump,infusion_rate_mlhr,10.0,150.0,PT-60328,Cardiology,10.20.1.,v3.2.1
DEV-1028,smart_infusion_pump,infusion_rate_mlhr,10.0,150.0,PT-98445,General-A,10.20.1.,v3.3.0
DEV-1029,smart_infusion_pump,infusion_rate_mlhr,10.0,150.0,PT-46767,ICU,10.20.1.,v3.2.1
DEV-1030,smart_infusion_pump,infusion_rate_mlhr,10.0,150.0,PT-87009,General-A,10.20.3.,v3.2.2
DEV-1031,smart_infusion_pump,infusion_rate_mlhr,10.0,150.0,PT-36423,ICU,10.20.2.,v3.2.2
DEV-1032,smart_infusion_pump,infusion_rate_mlhr,10.0,150.0,PT-99648,Cardiology,10.20.2.,v3.3.0
DEV-1033,smart_infusion_pump,infusion_rate_mlhr,10.0,150.0,PT-46574,General-A,10.20.1.,v3.2.1
DEV-1034,smart_infusion_pump,infusion_rate_mlhr,10.0,150.0,PT-19552,ICU,10.20.3.,v3.2.1
DEV-1035,smart_infusion_pump,infusion_rate_mlhr,10.0,150.0,PT-75011,Cardiology,10.20.1.,v3.2.2
DEV-1036,glucose_monitor,glucose_mgdl,70.0,180.0,PT-94423,ICU,10.20.2.,v3.2.1
DEV-1037,glucose_monitor,glucose_mgdl,70.0,180.0,PT-72668,ICU,10.20.2.,v3.2.1
DEV-1038,glucose_monitor,glucose_mgdl,70.0,180.0,PT-71532,Cardiology,10.20.2.,v3.2.1
DEV-1039,glucose_monitor,glucose_mgdl,70.0,180.0,PT-42562,General-A,10.20.1.,v3.3.0
DEV-1040,glucose_monitor,glucose_mgdl,70.0,180.0,PT-42963,Pediatrics,10.20.2.,v3.2.1
DEV-1041,glucose_monitor,glucose_mgdl,70.0,180.0,PT-72972,Cardiology,10.20.3.,v3.2.2
DEV-1042,glucose_monitor,glucose_mgdl,70.0,180.0,PT-33502,Cardiology,10.20.3.,v3.2.1
DEV-1043,glucose_monitor,glucose_mgdl,70.0,180.0,PT-50442,ICU,10.20.1.,v3.3.0
DEV-1044,glucose_monitor,glucose_mgdl,70.0,180.0,PT-21481,General-B,10.20.3.,v3.2.1
DEV-1045,glucose_monitor,glucose_mgdl,70.0,180.0,PT-28212,Pediatrics,10.20.2.,v3.2.1
DEV-1046,glucose_monitor,glucose_mgdl,70.0,180.0,PT-51688,Pediatrics,10.20.1.,v3.2.2
DEV-1047,glucose_monitor,glucose_mgdl,70.0,180.0,PT-78265,Cardiology,10.20.2.,v3.2.2
DEV-1048,smart_thermometer,body_temp_c,36.1,37.8,PT-22620,General-B,10.20.1.,v3.2.1
DEV-1049,smart_thermometer,body_temp_c,36.1,37.8,PT-68485,Cardiology,10.20.2.,v3.2.1
DEV-1050,smart_thermometer,body_temp_c,36.1,37.8,PT-26150,General-B,10.20.1.,v3.2.1
DEV-1051,smart_thermometer,body_temp_c,36.1,37.8,PT-39687,Cardiology,10.20.1.,v3.2.2
DEV-1052,smart_thermometer,body_temp_c,36.1,37.8,PT-81412,ICU,10.20.1.,v3.2.2
DEV-1053,smart_thermometer,body_temp_c,36.1,37.8,PT-93259,General-B,10.20.2.,v3.2.2
DEV-1054,smart_thermometer,body_temp_c,36.1,37.8,PT-36527,ICU,10.20.1.,v3.2.1
DEV-1055,smart_thermometer,body_temp_c,36.1,37.8,PT-96269,General-B,10.20.3.,v3.2.1
DEV-1056,smart_thermometer,body_temp_c,36.1,37.8,PT-34825,General-B,10.20.3.,v3.3.0
DEV-1057,smart_thermometer,body_temp_c,36.1,37.8,PT-54163,ICU,10.20.2.,v3.2.1
DEV-1058,smart_thermometer,body_temp_c,36.1,37.8,PT-82682,General-A,10.20.3.,v3.2.2
DEV-1059,smart_thermometer,body_temp_c,36.1,37.8,PT-39840,Pediatrics,10.20.2.,v3.2.1
DEV-1060,bp_monitor,systolic_bp_mmhg,100.0,140.0,PT-42730,Pediatrics,10.20.1.,v3.2.1
DEV-1061,bp_monitor,systolic_bp_mmhg,100.0,140.0,PT-90653,General-A,10.20.2.,v3.2.1
DEV-1062,bp_monitor,systolic_bp_mmhg,100.0,140.0,PT-69938,Cardiology,10.20.1.,v3.2.2
DEV-1063,bp_monitor,systolic_bp_mmhg,100.0,140.0,PT-35310,Cardiology,10.20.3.,v3.2.2
DEV-1064,bp_monitor,systolic_bp_mmhg,100.0,140.0,PT-38860,ICU,10.20.2.,v3.2.1
DEV-1065,bp_monitor,systolic_bp_mmhg,100.0,140.0,PT-92440,General-A,10.20.1.,v3.2.2
DEV-1066,bp_monitor,systolic_bp_mmhg,100.0,140.0,PT-59211,General-A,10.20.1.,v3.3.0
DEV-1067,bp_monitor,systolic_bp_mmhg,100.0,140.0,PT-84680,Pediatrics,10.20.1.,v3.3.0
DEV-1068,bp_monitor,systolic_bp_mmhg,100.0,140.0,PT-67134,General-A,10.20.2.,v3.2.1
DEV-1069,bp_monitor,systolic_bp_mmhg,100.0,140.0,PT-56354,Pediatrics,10.20.3.,v3.2.1
DEV-1070,bp_monitor,systolic_bp_mmhg,100.0,140.0,PT-57983,ICU,10.20.1.,v3.3.0
DEV-1071,bp_monitor,systolic_bp_mmhg,100.0,140.0,PT-49158,ICU,10.20.3.,v3.2.2
