ward,device_type,hour,k_distinct_patients,risk_level
General-B,glucose_monitor,16,1,CRITICAL (k<=2)
General-B,glucose_monitor,17,1,CRITICAL (k<=2)
General-B,glucose_monitor,18,1,CRITICAL (k<=2)
General-B,glucose_monitor,19,1,CRITICAL (k<=2)
General-B,glucose_monitor,20,1,CRITICAL (k<=2)
General-B,glucose_monitor,21,1,CRITICAL (k<=2)
General-B,glucose_monitor,22,1,CRITICAL (k<=2)
General-B,glucose_monitor,23,1,CRITICAL (k<=2)
General-B,smart_infusion_pump,0,1,CRITICAL (k<=2)
General-B,smart_infusion_pump,1,1,CRITICAL (k<=2)
General-B,smart_infusion_pump,2,1,CRITICAL (k<=2)
General-B,smart_infusion_pump,3,1,CRITICAL (k<=2)
General-B,smart_infusion_pump,4,1,CRITICAL (k<=2)
General-B,smart_infusion_pump,5,1,CRITICAL (k<=2)
General-B,smart_infusion_pump,6,1,CRITICAL (k<=2)
General-B,smart_infusion_pump,7,1,CRITICAL (k<=2)
Pediatrics,smart_thermometer,8,1,CRITICAL (k<=2)
Pediatrics,smart_thermometer,9,1,CRITICAL (k<=2)
Pediatrics,smart_thermometer,10,1,CRITICAL (k<=2)
Pediatrics,smart_thermometer,11,1,CRITICAL (k<=2)
Pediatrics,smart_thermometer,12,1,CRITICAL (k<=2)
Pediatrics,smart_thermometer,13,1,CRITICAL (k<=2)
Pediatrics,smart_thermometer,14,1,CRITICAL (k<=2)
Pediatrics,smart_thermometer,15,1,CRITICAL (k<=2)
General-B,glucose_monitor,0,1,CRITICAL (k<=2)
General-B,glucose_monitor,1,1,CRITICAL (k<=2)
General-B,glucose_monitor,2,1,CRITICAL (k<=2)
General-B,glucose_monitor,3,1,CRITICAL (k<=2)
General-B,glucose_monitor,4,1,CRITICAL (k<=2)
General-B,glucose_monitor,5,1,CRITICAL (k<=2)
General-B,glucose_monitor,6,1,CRITICAL (k<=2)
General-B,glucose_monitor,7,1,CRITICAL (k<=2)
General-B,glucose_monitor,8,1,CRITICAL (k<=2)
General-B,glucose_monitor,9,1,CRITICAL (k<=2)
General-B,glucose_monitor,10,1,CRITICAL (k<=2)
General-B,glucose_monitor,11,1,CRITICAL (k<=2)
General-B,glucose_monitor,12,1,CRITICAL (k<=2)
General-B,glucose_monitor,13,1,CRITICAL (k<=2)
General-B,glucose_monitor,14,1,CRITICAL (k<=2)
General-B,glucose_monitor,15,1,CRITICAL (k<=2)
Pediatrics,smart_thermometer,16,1,CRITICAL (k<=2)
Pediatrics,smart_thermometer,17,1,CRITICAL (k<=2)
Pediatrics,smart_thermometer,18,1,CRITICAL (k<=2)
Pediatrics,smart_thermometer,19,1,CRITICAL (k<=2)
Pediatrics,smart_thermometer,20,1,CRITICAL (k<=2)
Pediatrics,smart_thermometer,21,1,CRITICAL (k<=2)
Pediatrics,smart_thermometer,22,1,CRITICAL (k<=2)
Pediatrics,smart_thermometer,23,1,CRITICAL (k<=2)
General-A,smart_thermometer,8,1,CRITICAL (k<=2)
General-A,smart_thermometer,9,1,CRITICAL (k<=2)
General-A,smart_thermometer,10,1,CRITICAL (k<=2)
General-A,smart_thermometer,11,1,CRITICAL (k<=2)
General-A,smart_thermometer,12,1,CRITICAL (k<=2)
General-A,smart_thermometer,13,1,CRITICAL (k<=2)
General-A,smart_thermometer,14,1,CRITICAL (k<=2)
General-A,smart_thermometer,15,1,CRITICAL (k<=2)
General-A,smart_thermometer,16,1,CRITICAL (k<=2)
General-A,smart_thermometer,17,1,CRITICAL (k<=2)
General-A,smart_thermometer,18,1,CRITICAL (k<=2)
General-A,smart_thermometer,19,1,CRITICAL (k<=2)
General-A,smart_thermometer,20,1,CRITICAL (k<=2)
General-A,smart_thermometer,21,1,CRITICAL (k<=2)
General-A,smart_thermometer,22,1,CRITICAL (k<=2)
General-A,smart_thermometer,23,1,CRITICAL (k<=2)
General-B,smart_infusion_pump,16,1,CRITICAL (k<=2)
General-B,smart_infusion_pump,17,1,CRITICAL (k<=2)
General-B,smart_infusion_pump,18,1,CRITICAL (k<=2)
General-B,smart_infusion_pump,19,1,CRITICAL (k<=2)
General-B,smart_infusion_pump,20,1,CRITICAL (k<=2)
General-B,smart_infusion_pump,21,1,CRITICAL (k<=2)
General-B,smart_infusion_pump,22,1,CRITICAL (k<=2)
General-B,smart_infusion_pump,23,1,CRITICAL (k<=2)
General-A,smart_thermometer,0,1,CRITICAL (k<=2)
General-A,smart_thermometer,1,1,CRITICAL (k<=2)
General-A,smart_thermometer,2,1,CRITICAL (k<=2)
General-A,smart_thermometer,3,1,CRITICAL (k<=2)
General-A,smart_thermometer,4,1,CRITICAL (k<=2)
General-A,smart_thermometer,5,1,CRITICAL (k<=2)
General-A,smart_thermometer,6,1,CRITICAL (k<=2)
General-A,smart_thermometer,7,1,CRITICAL (k<=2)
Pediatrics,smart_thermometer,0,1,CRITICAL (k<=2)
Pediatrics,smart_thermometer,1,1,CRITICAL (k<=2)
Pediatrics,smart_thermometer,2,1,CRITICAL (k<=2)
Pediatrics,smart_thermometer,3,1,CRITICAL (k<=2)
Pediatrics,smart_thermometer,4,1,CRITICAL (k<=2)
Pediatrics,smart_thermometer,5,1,CRITICAL (k<=2)
Pediatrics,smart_thermometer,6,1,CRITICAL (k<=2)
Pediatrics,smart_thermometer,7,1,CRITICAL (k<=2)
General-A,glucose_monitor,16,1,CRITICAL (k<=2)
General-A,glucose_monitor,17,1,CRITICAL (k<=2)
General-A,glucose_monitor,18,1,CRITICAL (k<=2)
General-A,glucose_monitor,19,1,CRITICAL (k<=2)
General-A,glucose_monitor,20,1,CRITICAL (k<=2)
General-A,glucose_monitor,21,1,CRITICAL (k<=2)
General-A,glucose_monitor,22,1,CRITICAL (k<=2)
General-A,glucose_monitor,23,1,CRITICAL (k<=2)
General-B,smart_infusion_pump,8,1,CRITICAL (k<=2)
General-B,smart_infusion_pump,9,1,CRITICAL (k<=2)
General-B,smart_infusion_pump,10,1,CRITICAL (k<=2)
General-B,smart_infusion_pump,11,1,CRITICAL (k<=2)
General-B,smart_infusion_pump,12,1,CRITICAL (k<=2)
General-B,smart_infusion_pump,13,1,CRITICAL (k<=2)
General-B,smart_infusion_pump,14,1,CRITICAL (k<=2)
General-B,smart_infusion_pump,15,1,CRITICAL (k<=2)
General-B,wearable_spo2,8,1,CRITICAL (k<=2)
General-B,wearable_spo2,9,1,CRITICAL (k<=2)
General-B,wearable_spo2,10,1,CRITICAL (k<=2)
General-B,wearable_spo2,11,1,CRITICAL (k<=2)
General-B,wearable_spo2,12,1,CRITICAL (k<=2)
General-B,wearable_spo2,13,1,CRITICAL (k<=2)
General-B,wearable_spo2,14,1,CRITICAL (k<=2)
General-B,wearable_spo2,15,1,CRITICAL (k<=2)
General-A,glucose_monitor,8,1,CRITICAL (k<=2)
General-A,glucose_monitor,9,1,CRITICAL (k<=2)
General-A,glucose_monitor,10,1,CRITICAL (k<=2)
General-A,glucose_monitor,11,1,CRITICAL (k<=2)
General-A,glucose_monitor,12,1,CRITICAL (k<=2)
General-A,glucose_monitor,13,1,CRITICAL (k<=2)
General-A,glucose_monitor,14,1,CRITICAL (k<=2)
General-A,glucose_monitor,15,1,CRITICAL (k<=2)
General-B,wearable_spo2,16,1,CRITICAL (k<=2)
General-B,wearable_spo2,17,1,CRITICAL (k<=2)
General-B,wearable_spo2,18,1,CRITICAL (k<=2)
General-B,wearable_spo2,19,1,CRITICAL (k<=2)
General-B,wearable_spo2,20,1,CRITICAL (k<=2)
General-B,wearable_spo2,21,1,CRITICAL (k<=2)
General-B,wearable_spo2,22,1,CRITICAL (k<=2)
General-B,wearable_spo2,23,1,CRITICAL (k<=2)
General-A,glucose_monitor,0,1,CRITICAL (k<=2)
General-A,glucose_monitor,1,1,CRITICAL (k<=2)
General-A,glucose_monitor,2,1,CRITICAL (k<=2)
General-A,glucose_monitor,3,1,CRITICAL (k<=2)
General-A,glucose_monitor,4,1,CRITICAL (k<=2)
General-A,glucose_monitor,5,1,CRITICAL (k<=2)
General-A,glucose_monitor,6,1,CRITICAL (k<=2)
General-A,glucose_monitor,7,1,CRITICAL (k<=2)
General-B,wearable_spo2,0,1,CRITICAL (k<=2)
General-B,wearable_spo2,1,1,CRITICAL (k<=2)
General-B,wearable_spo2,2,1,CRITICAL (k<=2)
General-B,wearable_spo2,3,1,CRITICAL (k<=2)
General-B,wearable_spo2,4,1,CRITICAL (k<=2)
General-B,wearable_spo2,5,1,CRITICAL (k<=2)
General-B,wearable_spo2,6,1,CRITICAL (k<=2)
General-B,wearable_spo2,7,1,CRITICAL (k<=2)
Pediatrics,wearable_spo2,23,2,CRITICAL (k<=2)
Pediatrics,wearable_spo2,22,2,CRITICAL (k<=2)
Pediatrics,wearable_spo2,21,2,CRITICAL (k<=2)
Pediatrics,wearable_spo2,20,2,CRITICAL (k<=2)
Pediatrics,wearable_spo2,19,2,CRITICAL (k<=2)
Pediatrics,wearable_spo2,18,2,CRITICAL (k<=2)
Pediatrics,wearable_spo2,17,2,CRITICAL (k<=2)
Pediatrics,wearable_spo2,16,2,CRITICAL (k<=2)
Pediatrics,wearable_spo2,15,2,CRITICAL (k<=2)
Pediatrics,wearable_spo2,14,2,CRITICAL (k<=2)
Pediatrics,wearable_spo2,13,2,CRITICAL (k<=2)
Pediatrics,wearable_spo2,12,2,CRITICAL (k<=2)
Pediatrics,wearable_spo2,11,2,CRITICAL (k<=2)
Pediatrics,wearable_spo2,10,2,CRITICAL (k<=2)
Pediatrics,wearable_spo2,9,2,CRITICAL (k<=2)
Pediatrics,wearable_spo2,8,2,CRITICAL (k<=2)
Pediatrics,wearable_ecg,23,2,CRITICAL (k<=2)
Pediatrics,wearable_ecg,22,2,CRITICAL (k<=2)
Pediatrics,wearable_ecg,21,2,CRITICAL (k<=2)
Pediatrics,wearable_ecg,20,2,CRITICAL (k<=2)
Pediatrics,wearable_ecg,19,2,CRITICAL (k<=2)
Pediatrics,wearable_ecg,18,2,CRITICAL (k<=2)
Pediatrics,wearable_ecg,17,2,CRITICAL (k<=2)
Pediatrics,wearable_ecg,16,2,CRITICAL (k<=2)
Cardiology,bp_monitor,23,2,CRITICAL (k<=2)
Cardiology,bp_monitor,22,2,CRITICAL (k<=2)
Cardiology,bp_monitor,21,2,CRITICAL (k<=2)
Cardiology,bp_monitor,20,2,CRITICAL (k<=2)
Cardiology,bp_monitor,19,2,CRITICAL (k<=2)
Cardiology,bp_monitor,18,2,CRITICAL (k<=2)
Cardiology,bp_monitor,17,2,CRITICAL (k<=2)
Cardiology,bp_monitor,16,2,CRITICAL (k<=2)
ICU,wearable_ecg,7,2,CRITICAL (k<=2)
ICU,wearable_ecg,6,2,CRITICAL (k<=2)
ICU,wearable_ecg,5,2,CRITICAL (k<=2)
ICU,wearable_ecg,4,2,CRITICAL (k<=2)
ICU,wearable_ecg,3,2,CRITICAL (k<=2)
ICU,wearable_ecg,2,2,CRITICAL (k<=2)
ICU,wearable_ecg,1,2,CRITICAL (k<=2)
ICU,wearable_ecg,0,2,CRITICAL (k<=2)
ICU,wearable_ecg,23,2,CRITICAL (k<=2)
ICU,wearable_ecg,22,2,CRITICAL (k<=2)
ICU,wearable_ecg,21,2,CRITICAL (k<=2)
ICU,wearable_ecg,20,2,CRITICAL (k<=2)
ICU,wearable_ecg,19,2,CRITICAL (k<=2)
ICU,wearable_ecg,18,2,CRITICAL (k<=2)
ICU,wearable_ecg,17,2,CRITICAL (k<=2)
ICU,wearable_ecg,16,2,CRITICAL (k<=2)
ICU,wearable_ecg,15,2,CRITICAL (k<=2)
ICU,wearable_ecg,14,2,CRITICAL (k<=2)
ICU,wearable_ecg,13,2,CRITICAL (k<=2)
ICU,wearable_ecg,12,2,CRITICAL (k<=2)
ICU,wearable_ecg,11,2,CRITICAL (k<=2)
ICU,wearable_ecg,10,2,CRITICAL (k<=2)
ICU,wearable_ecg,9,2,CRITICAL (k<=2)
ICU,wearable_ecg,8,2,CRITICAL (k<=2)
Cardiology,wearable_ecg,23,2,CRITICAL (k<=2)
Cardiology,wearable_ecg,22,2,CRITICAL (k<=2)
Cardiology,wearable_ecg,21,2,CRITICAL (k<=2)
Cardiology,wearable_ecg,20,2,CRITICAL (k<=2)
Cardiology,wearable_ecg,19,2,CRITICAL (k<=2)
Cardiology,wearable_ecg,18,2,CRITICAL (k<=2)
Cardiology,wearable_ecg,17,2,CRITICAL (k<=2)
Cardiology,wearable_ecg,16,2,CRITICAL (k<=2)
Cardiology,wearable_ecg,15,2,CRITICAL (k<=2)
Cardiology,wearable_ecg,14,2,CRITICAL (k<=2)
Cardiology,wearable_ecg,13,2,CRITICAL (k<=2)
Cardiology,wearable_ecg,12,2,CRITICAL (k<=2)
Cardiology,wearable_ecg,11,2,CRITICAL (k<=2)
Cardiology,wearable_ecg,10,2,CRITICAL (k<=2)
Cardiology,wearable_ecg,9,2,CRITICAL (k<=2)
Cardiology,wearable_ecg,8,2,CRITICAL (k<=2)
Cardiology,wearable_ecg,7,2,CRITICAL (k<=2)
Cardiology,wearable_ecg,6,2,CRITICAL (k<=2)
Cardiology,wearable_ecg,5,2,CRITICAL (k<=2)
Cardiology,wearable_ecg,4,2,CRITICAL (k<=2)
Cardiology,wearable_ecg,3,2,CRITICAL (k<=2)
Cardiology,wearable_ecg,2,2,CRITICAL (k<=2)
Cardiology,wearable_ecg,1,2,CRITICAL (k<=2)
Cardiology,wearable_ecg,0,2,CRITICAL (k<=2)
General-A,wearable_ecg,15,2,CRITICAL (k<=2)
General-A,wearable_ecg,14,2,CRITICAL (k<=2)
General-A,wearable_ecg,13,2,CRITICAL (k<=2)
General-A,wearable_ecg,12,2,CRITICAL (k<=2)
General-A,wearable_ecg,11,2,CRITICAL (k<=2)
General-A,wearable_ecg,10,2,CRITICAL (k<=2)
General-A,wearable_ecg,9,2,CRITICAL (k<=2)
General-A,wearable_ecg,8,2,CRITICAL (k<=2)
General-A,wearable_ecg,7,2,CRITICAL (k<=2)
General-A,wearable_ecg,6,2,CRITICAL (k<=2)
General-A,wearable_ecg,5,2,CRITICAL (k<=2)
General-A,wearable_ecg,4,2,CRITICAL (k<=2)
General-A,wearable_ecg,3,2,CRITICAL (k<=2)
General-A,wearable_ecg,2,2,CRITICAL (k<=2)
General-A,wearable_ecg,1,2,CRITICAL (k<=2)
General-A,wearable_ecg,0,2,CRITICAL (k<=2)
General-A,wearable_spo2,7,2,CRITICAL (k<=2)
General-A,wearable_spo2,6,2,CRITICAL (k<=2)
General-A,wearable_spo2,5,2,CRITICAL (k<=2)
General-A,wearable_spo2,4,2,CRITICAL (k<=2)
General-A,wearable_spo2,3,2,CRITICAL (k<=2)
General-A,wearable_spo2,2,2,CRITICAL (k<=2)
General-A,wearable_spo2,1,2,CRITICAL (k<=2)
General-A,wearable_spo2,0,2,CRITICAL (k<=2)
General-A,wearable_ecg,23,2,CRITICAL (k<=2)
General-A,wearable_ecg,22,2,CRITICAL (k<=2)
General-A,wearable_ecg,21,2,CRITICAL (k<=2)
General-A,wearable_ecg,20,2,CRITICAL (k<=2)
General-A,wearable_ecg,19,2,CRITICAL (k<=2)
General-A,wearable_ecg,18,2,CRITICAL (k<=2)
General-A,wearable_ecg,17,2,CRITICAL (k<=2)
General-A,wearable_ecg,16,2,CRITICAL (k<=2)
General-A,wearable_spo2,23,2,CRITICAL (k<=2)
General-A,wearable_spo2,22,2,CRITICAL (k<=2)
General-A,wearable_spo2,21,2,CRITICAL (k<=2)
General-A,wearable_spo2,20,2,CRITICAL (k<=2)
General-A,wearable_spo2,19,2,CRITICAL (k<=2)
General-A,wearable_spo2,18,2,CRITICAL (k<=2)
General-A,wearable_spo2,17,2,CRITICAL (k<=2)
General-A,wearable_spo2,16,2,CRITICAL (k<=2)
General-A,wearable_spo2,15,2,CRITICAL (k<=2)
General-A,wearable_spo2,14,2,CRITICAL (k<=2)
General-A,wearable_spo2,13,2,CRITICAL (k<=2)
General-A,wearable_spo2,12,2,CRITICAL (k<=2)
General-A,wearable_spo2,11,2,CRITICAL (k<=2)
General-A,wearable_spo2,10,2,CRITICAL (k<=2)
General-A,wearable_spo2,9,2,CRITICAL (k<=2)
General-A,wearable_spo2,8,2,CRITICAL (k<=2)
Cardiology,smart_thermometer,23,2,CRITICAL (k<=2)
Cardiology,smart_thermometer,22,2,CRITICAL (k<=2)
Cardiology,smart_thermometer,21,2,CRITICAL (k<=2)
Cardiology,smart_thermometer,20,2,CRITICAL (k<=2)
Cardiology,smart_thermometer,19,2,CRITICAL (k<=2)
Cardiology,smart_thermometer,18,2,CRITICAL (k<=2)
Cardiology,smart_thermometer,17,2,CRITICAL (k<=2)
Cardiology,smart_thermometer,16,2,CRITICAL (k<=2)
Cardiology,smart_thermometer,15,2,CRITICAL (k<=2)
Cardiology,smart_thermometer,14,2,CRITICAL (k<=2)
Cardiology,smart_thermometer,13,2,CRITICAL (k<=2)
Cardiology,smart_thermometer,12,2,CRITICAL (k<=2)
Cardiology,smart_thermometer,11,2,CRITICAL (k<=2)
Cardiology,smart_thermometer,10,2,CRITICAL (k<=2)
Cardiology,smart_thermometer,9,2,CRITICAL (k<=2)
Cardiology,smart_thermometer,8,2,CRITICAL (k<=2)
Cardiology,smart_thermometer,7,2,CRITICAL (k<=2)
Cardiology,smart_thermometer,6,2,CRITICAL (k<=2)
Cardiology,smart_thermometer,5,2,CRITICAL (k<=2)
Cardiology,smart_thermometer,4,2,CRITICAL (k<=2)
Cardiology,smart_thermometer,3,2,CRITICAL (k<=2)
Cardiology,smart_thermometer,2,2,CRITICAL (k<=2)
Cardiology,smart_thermometer,1,2,CRITICAL (k<=2)
Cardiology,smart_thermometer,0,2,CRITICAL (k<=2)
Pediatrics,wearable_ecg,15,2,CRITICAL (k<=2)
Pediatrics,wearable_ecg,14,2,CRITICAL (k<=2)
Pediatrics,wearable_ecg,13,2,CRITICAL (k<=2)
Pediatrics,wearable_ecg,12,2,CRITICAL (k<=2)
Pediatrics,wearable_ecg,11,2,CRITICAL (k<=2)
Pediatrics,wearable_ecg,10,2,CRITICAL (k<=2)
Pediatrics,wearable_ecg,9,2,CRITICAL (k<=2)
Pediatrics,wearable_ecg,8,2,CRITICAL (k<=2)
Cardiology,bp_monitor,15,2,CRITICAL (k<=2)
Cardiology,bp_monitor,14,2,CRITICAL (k<=2)
Cardiology,bp_monitor,13,2,CRITICAL (k<=2)
Cardiology,bp_monitor,12,2,CRITICAL (k<=2)
Cardiology,bp_monitor,11,2,CRITICAL (k<=2)
Cardiology,bp_monitor,10,2,CRITICAL (k<=2)
Cardiology,bp_monitor,9,2,CRITICAL (k<=2)
Cardiology,bp_monitor,8,2,CRITICAL (k<=2)
Cardiology,bp_monitor,7,2,CRITICAL (k<=2)
Cardiology,bp_monitor,6,2,CRITICAL (k<=2)
Cardiology,bp_monitor,5,2,CRITICAL (k<=2)
Cardiology,bp_monitor,4,2,CRITICAL (k<=2)
Cardiology,bp_monitor,3,2,CRITICAL (k<=2)
Cardiology,bp_monitor,2,2,CRITICAL (k<=2)
Cardiology,bp_monitor,1,2,CRITICAL (k<=2)
Cardiology,bp_monitor,0,2,CRITICAL (k<=2)
Pediatrics,wearable_ecg,7,2,CRITICAL (k<=2)
Pediatrics,wearable_ecg,6,2,CRITICAL (k<=2)
Pediatrics,wearable_ecg,5,2,CRITICAL (k<=2)
Pediatrics,wearable_ecg,4,2,CRITICAL (k<=2)
Pediatrics,wearable_ecg,3,2,CRITICAL (k<=2)
Pediatrics,wearable_ecg,2,2,CRITICAL (k<=2)
Pediatrics,wearable_ecg,1,2,CRITICAL (k<=2)
Pediatrics,wearable_ecg,0,2,CRITICAL (k<=2)
Pediatrics,wearable_spo2,7,2,CRITICAL (k<=2)
Pediatrics,wearable_spo2,6,2,CRITICAL (k<=2)
Pediatrics,wearable_spo2,5,2,CRITICAL (k<=2)
Pediatrics,wearable_spo2,4,2,CRITICAL (k<=2)
Pediatrics,wearable_spo2,3,2,CRITICAL (k<=2)
Pediatrics,wearable_spo2,2,2,CRITICAL (k<=2)
Pediatrics,wearable_spo2,1,2,CRITICAL (k<=2)
Pediatrics,wearable_spo2,0,2,CRITICAL (k<=2)
ICU,bp_monitor,20,3,HIGH (k<=5)
General-A,smart_infusion_pump,23,3,HIGH (k<=5)
ICU,smart_thermometer,1,3,HIGH (k<=5)
ICU,smart_thermometer,2,3,HIGH (k<=5)
ICU,smart_thermometer,3,3,HIGH (k<=5)
ICU,smart_thermometer,4,3,HIGH (k<=5)
ICU,smart_thermometer,5,3,HIGH (k<=5)
ICU,smart_thermometer,6,3,HIGH (k<=5)
ICU,smart_thermometer,7,3,HIGH (k<=5)
Pediatrics,bp_monitor,0,3,HIGH (k<=5)
Pediatrics,bp_monitor,1,3,HIGH (k<=5)
Pediatrics,bp_monitor,2,3,HIGH (k<=5)
Pediatrics,bp_monitor,3,3,HIGH (k<=5)
Pediatrics,bp_monitor,4,3,HIGH (k<=5)
Pediatrics,bp_monitor,5,3,HIGH (k<=5)
Pediatrics,bp_monitor,6,3,HIGH (k<=5)
Pediatrics,bp_monitor,7,3,HIGH (k<=5)
Pediatrics,bp_monitor,8,3,HIGH (k<=5)
Pediatrics,bp_monitor,9,3,HIGH (k<=5)
Pediatrics,bp_monitor,10,3,HIGH (k<=5)
Pediatrics,bp_monitor,11,3,HIGH (k<=5)
Pediatrics,bp_monitor,12,3,HIGH (k<=5)
Pediatrics,bp_monitor,13,3,HIGH (k<=5)
Pediatrics,bp_monitor,14,3,HIGH (k<=5)
Pediatrics,bp_monitor,15,3,HIGH (k<=5)
Pediatrics,bp_monitor,16,3,HIGH (k<=5)
Pediatrics,bp_monitor,17,3,HIGH (k<=5)
Pediatrics,bp_monitor,18,3,HIGH (k<=5)
Pediatrics,bp_monitor,19,3,HIGH (k<=5)
Pediatrics,bp_monitor,20,3,HIGH (k<=5)
Pediatrics,bp_monitor,21,3,HIGH (k<=5)
Pediatrics,bp_monitor,22,3,HIGH (k<=5)
Pediatrics,bp_monitor,23,3,HIGH (k<=5)
Pediatrics,glucose_monitor,0,3,HIGH (k<=5)
Pediatrics,glucose_monitor,1,3,HIGH (k<=5)
Pediatrics,glucose_monitor,2,3,HIGH (k<=5)
Pediatrics,glucose_monitor,3,3,HIGH (k<=5)
Pediatrics,glucose_monitor,4,3,HIGH (k<=5)
Pediatrics,glucose_monitor,5,3,HIGH (k<=5)
Pediatrics,glucose_monitor,6,3,HIGH (k<=5)
Pediatrics,glucose_monitor,7,3,HIGH (k<=5)
Pediatrics,glucose_monitor,8,3,HIGH (k<=5)
ICU,smart_thermometer,0,3,HIGH (k<=5)
Pediatrics,glucose_monitor,9,3,HIGH (k<=5)
Pediatrics,glucose_monitor,10,3,HIGH (k<=5)
Pediatrics,glucose_monitor,11,3,HIGH (k<=5)
Pediatrics,glucose_monitor,12,3,HIGH (k<=5)
Pediatrics,glucose_monitor,13,3,HIGH (k<=5)
General-A,smart_infusion_pump,8,3,HIGH (k<=5)
General-A,smart_infusion_pump,9,3,HIGH (k<=5)
General-A,smart_infusion_pump,10,3,HIGH (k<=5)
General-A,smart_infusion_pump,11,3,HIGH (k<=5)
General-A,smart_infusion_pump,12,3,HIGH (k<=5)
General-A,smart_infusion_pump,13,3,HIGH (k<=5)
General-A,smart_infusion_pump,14,3,HIGH (k<=5)
General-A,smart_infusion_pump,15,3,HIGH (k<=5)
Pediatrics,glucose_monitor,14,3,HIGH (k<=5)
Pediatrics,glucose_monitor,15,3,HIGH (k<=5)
Cardiology,wearable_spo2,8,3,HIGH (k<=5)
Cardiology,wearable_spo2,9,3,HIGH (k<=5)
Cardiology,wearable_spo2,10,3,HIGH (k<=5)
Cardiology,wearable_spo2,11,3,HIGH (k<=5)
Cardiology,wearable_spo2,12,3,HIGH (k<=5)
Cardiology,wearable_spo2,13,3,HIGH (k<=5)
Cardiology,wearable_spo2,14,3,HIGH (k<=5)
Cardiology,wearable_spo2,15,3,HIGH (k<=5)
Cardiology,wearable_spo2,16,3,HIGH (k<=5)
Cardiology,wearable_spo2,17,3,HIGH (k<=5)
Cardiology,wearable_spo2,18,3,HIGH (k<=5)
Cardiology,wearable_spo2,19,3,HIGH (k<=5)
Cardiology,wearable_spo2,20,3,HIGH (k<=5)
Cardiology,wearable_spo2,21,3,HIGH (k<=5)
General-A,smart_infusion_pump,0,3,HIGH (k<=5)
General-A,smart_infusion_pump,1,3,HIGH (k<=5)
General-A,smart_infusion_pump,2,3,HIGH (k<=5)
General-A,smart_infusion_pump,3,3,HIGH (k<=5)
General-A,smart_infusion_pump,4,3,HIGH (k<=5)
General-A,smart_infusion_pump,5,3,HIGH (k<=5)
General-A,smart_infusion_pump,6,3,HIGH (k<=5)
General-A,smart_infusion_pump,7,3,HIGH (k<=5)
ICU,bp_monitor,16,3,HIGH (k<=5)
ICU,bp_monitor,17,3,HIGH (k<=5)
ICU,bp_monitor,18,3,HIGH (k<=5)
ICU,bp_monitor,19,3,HIGH (k<=5)
Cardiology,wearable_spo2,22,3,HIGH (k<=5)
ICU,bp_monitor,21,3,HIGH (k<=5)
ICU,bp_monitor,22,3,HIGH (k<=5)
ICU,bp_monitor,23,3,HIGH (k<=5)
ICU,bp_monitor,0,3,HIGH (k<=5)
ICU,bp_monitor,1,3,HIGH (k<=5)
ICU,bp_monitor,2,3,HIGH (k<=5)
ICU,bp_monitor,3,3,HIGH (k<=5)
ICU,bp_monitor,4,3,HIGH (k<=5)
ICU,bp_monitor,5,3,HIGH (k<=5)
ICU,bp_monitor,6,3,HIGH (k<=5)
ICU,bp_monitor,7,3,HIGH (k<=5)
ICU,glucose_monitor,8,3,HIGH (k<=5)
ICU,glucose_monitor,9,3,HIGH (k<=5)
ICU,glucose_monitor,10,3,HIGH (k<=5)
ICU,glucose_monitor,11,3,HIGH (k<=5)
ICU,glucose_monitor,12,3,HIGH (k<=5)
ICU,glucose_monitor,13,3,HIGH (k<=5)
ICU,glucose_monitor,14,3,HIGH (k<=5)
ICU,glucose_monitor,15,3,HIGH (k<=5)
ICU,bp_monitor,8,3,HIGH (k<=5)
ICU,bp_monitor,9,3,HIGH (k<=5)
ICU,bp_monitor,10,3,HIGH (k<=5)
ICU,bp_monitor,11,3,HIGH (k<=5)
ICU,bp_monitor,12,3,HIGH (k<=5)
ICU,bp_monitor,13,3,HIGH (k<=5)
ICU,bp_monitor,14,3,HIGH (k<=5)
ICU,bp_monitor,15,3,HIGH (k<=5)
Cardiology,wearable_spo2,23,3,HIGH (k<=5)
Cardiology,wearable_spo2,0,3,HIGH (k<=5)
Cardiology,wearable_spo2,1,3,HIGH (k<=5)
Cardiology,wearable_spo2,2,3,HIGH (k<=5)
Cardiology,wearable_spo2,3,3,HIGH (k<=5)
Cardiology,wearable_spo2,4,3,HIGH (k<=5)
Cardiology,wearable_spo2,5,3,HIGH (k<=5)
Cardiology,wearable_spo2,6,3,HIGH (k<=5)
ICU,glucose_monitor,0,3,HIGH (k<=5)
ICU,glucose_monitor,1,3,HIGH (k<=5)
ICU,glucose_monitor,2,3,HIGH (k<=5)
ICU,glucose_monitor,3,3,HIGH (k<=5)
ICU,glucose_monitor,4,3,HIGH (k<=5)
ICU,glucose_monitor,5,3,HIGH (k<=5)
ICU,glucose_monitor,6,3,HIGH (k<=5)
ICU,glucose_monitor,7,3,HIGH (k<=5)
Cardiology,wearable_spo2,7,3,HIGH (k<=5)
Pediatrics,glucose_monitor,16,3,HIGH (k<=5)
Pediatrics,glucose_monitor,17,3,HIGH (k<=5)
Pediatrics,glucose_monitor,18,3,HIGH (k<=5)
Pediatrics,glucose_monitor,19,3,HIGH (k<=5)
Pediatrics,glucose_monitor,20,3,HIGH (k<=5)
Pediatrics,glucose_monitor,21,3,HIGH (k<=5)
Pediatrics,glucose_monitor,22,3,HIGH (k<=5)
ICU,glucose_monitor,16,3,HIGH (k<=5)
ICU,glucose_monitor,17,3,HIGH (k<=5)
ICU,glucose_monitor,18,3,HIGH (k<=5)
ICU,glucose_monitor,19,3,HIGH (k<=5)
ICU,glucose_monitor,20,3,HIGH (k<=5)
ICU,glucose_monitor,21,3,HIGH (k<=5)
ICU,glucose_monitor,22,3,HIGH (k<=5)
ICU,glucose_monitor,23,3,HIGH (k<=5)
ICU,smart_thermometer,8,3,HIGH (k<=5)
ICU,smart_thermometer,9,3,HIGH (k<=5)
ICU,smart_thermometer,10,3,HIGH (k<=5)
ICU,smart_thermometer,11,3,HIGH (k<=5)
ICU,smart_thermometer,12,3,HIGH (k<=5)
ICU,smart_thermometer,13,3,HIGH (k<=5)
ICU,smart_thermometer,14,3,HIGH (k<=5)
ICU,smart_thermometer,15,3,HIGH (k<=5)
Pediatrics,glucose_monitor,23,3,HIGH (k<=5)
General-A,smart_infusion_pump,16,3,HIGH (k<=5)
General-A,smart_infusion_pump,17,3,HIGH (k<=5)
General-A,smart_infusion_pump,18,3,HIGH (k<=5)
General-A,smart_infusion_pump,19,3,HIGH (k<=5)
General-A,smart_infusion_pump,20,3,HIGH (k<=5)
General-A,smart_infusion_pump,21,3,HIGH (k<=5)
General-A,smart_infusion_pump,22,3,HIGH (k<=5)
ICU,smart_thermometer,16,3,HIGH (k<=5)
ICU,smart_thermometer,17,3,HIGH (k<=5)
ICU,smart_thermometer,18,3,HIGH (k<=5)
ICU,smart_thermometer,19,3,HIGH (k<=5)
ICU,smart_thermometer,20,3,HIGH (k<=5)
ICU,smart_thermometer,21,3,HIGH (k<=5)
ICU,smart_thermometer,22,3,HIGH (k<=5)
ICU,smart_thermometer,23,3,HIGH (k<=5)
General-B,wearable_ecg,1,4,HIGH (k<=5)
General-B,wearable_ecg,2,4,HIGH (k<=5)
General-B,wearable_ecg,3,4,HIGH (k<=5)
General-B,wearable_ecg,4,4,HIGH (k<=5)
General-B,wearable_ecg,5,4,HIGH (k<=5)
General-B,wearable_ecg,6,4,HIGH (k<=5)
General-B,wearable_ecg,7,4,HIGH (k<=5)
Cardiology,smart_infusion_pump,0,4,HIGH (k<=5)
Cardiology,smart_infusion_pump,1,4,HIGH (k<=5)
Cardiology,smart_infusion_pump,2,4,HIGH (k<=5)
Cardiology,smart_infusion_pump,3,4,HIGH (k<=5)
Cardiology,smart_infusion_pump,4,4,HIGH (k<=5)
Cardiology,smart_infusion_pump,5,4,HIGH (k<=5)
Cardiology,smart_infusion_pump,6,4,HIGH (k<=5)
Cardiology,smart_infusion_pump,7,4,HIGH (k<=5)
Cardiology,glucose_monitor,0,4,HIGH (k<=5)
Cardiology,glucose_monitor,1,4,HIGH (k<=5)
Cardiology,glucose_monitor,2,4,HIGH (k<=5)
Cardiology,glucose_monitor,3,4,HIGH (k<=5)
Cardiology,glucose_monitor,4,4,HIGH (k<=5)
Cardiology,glucose_monitor,5,4,HIGH (k<=5)
Cardiology,glucose_monitor,6,4,HIGH (k<=5)
Cardiology,glucose_monitor,7,4,HIGH (k<=5)
Cardiology,glucose_monitor,8,4,HIGH (k<=5)
Cardiology,glucose_monitor,9,4,HIGH (k<=5)
Cardiology,glucose_monitor,10,4,HIGH (k<=5)
Cardiology,glucose_monitor,11,4,HIGH (k<=5)
Cardiology,glucose_monitor,12,4,HIGH (k<=5)
Cardiology,glucose_monitor,13,4,HIGH (k<=5)
Cardiology,glucose_monitor,14,4,HIGH (k<=5)
Cardiology,glucose_monitor,15,4,HIGH (k<=5)
General-B,wearable_ecg,16,4,HIGH (k<=5)
General-B,wearable_ecg,17,4,HIGH (k<=5)
General-B,wearable_ecg,18,4,HIGH (k<=5)
General-B,wearable_ecg,19,4,HIGH (k<=5)
General-B,wearable_ecg,20,4,HIGH (k<=5)
General-B,wearable_ecg,21,4,HIGH (k<=5)
General-B,wearable_ecg,22,4,HIGH (k<=5)
General-B,wearable_ecg,23,4,HIGH (k<=5)
ICU,wearable_spo2,16,4,HIGH (k<=5)
ICU,wearable_spo2,17,4,HIGH (k<=5)
ICU,wearable_spo2,18,4,HIGH (k<=5)
ICU,wearable_spo2,19,4,HIGH (k<=5)
ICU,wearable_spo2,20,4,HIGH (k<=5)
ICU,wearable_spo2,21,4,HIGH (k<=5)
ICU,wearable_spo2,22,4,HIGH (k<=5)
General-B,wearable_ecg,8,4,HIGH (k<=5)
General-B,wearable_ecg,9,4,HIGH (k<=5)
General-B,wearable_ecg,10,4,HIGH (k<=5)
General-B,wearable_ecg,11,4,HIGH (k<=5)
General-B,wearable_ecg,12,4,HIGH (k<=5)
General-B,wearable_ecg,13,4,HIGH (k<=5)
General-B,wearable_ecg,14,4,HIGH (k<=5)
General-B,wearable_ecg,15,4,HIGH (k<=5)
General-A,bp_monitor,16,4,HIGH (k<=5)
General-A,bp_monitor,17,4,HIGH (k<=5)
General-A,bp_monitor,18,4,HIGH (k<=5)
General-A,bp_monitor,19,4,HIGH (k<=5)
General-A,bp_monitor,20,4,HIGH (k<=5)
General-A,bp_monitor,21,4,HIGH (k<=5)
General-A,bp_monitor,22,4,HIGH (k<=5)
General-A,bp_monitor,23,4,HIGH (k<=5)
Cardiology,smart_infusion_pump,13,4,HIGH (k<=5)
ICU,smart_infusion_pump,0,4,HIGH (k<=5)
ICU,smart_infusion_pump,1,4,HIGH (k<=5)
ICU,smart_infusion_pump,2,4,HIGH (k<=5)
ICU,smart_infusion_pump,3,4,HIGH (k<=5)
ICU,smart_infusion_pump,4,4,HIGH (k<=5)
ICU,smart_infusion_pump,5,4,HIGH (k<=5)
ICU,smart_infusion_pump,6,4,HIGH (k<=5)
ICU,smart_infusion_pump,7,4,HIGH (k<=5)
ICU,smart_infusion_pump,16,4,HIGH (k<=5)
ICU,smart_infusion_pump,17,4,HIGH (k<=5)
ICU,smart_infusion_pump,18,4,HIGH (k<=5)
ICU,smart_infusion_pump,19,4,HIGH (k<=5)
ICU,smart_infusion_pump,20,4,HIGH (k<=5)
ICU,smart_infusion_pump,21,4,HIGH (k<=5)
ICU,smart_infusion_pump,22,4,HIGH (k<=5)
ICU,smart_infusion_pump,23,4,HIGH (k<=5)
ICU,smart_infusion_pump,8,4,HIGH (k<=5)
ICU,smart_infusion_pump,9,4,HIGH (k<=5)
ICU,smart_infusion_pump,10,4,HIGH (k<=5)
ICU,smart_infusion_pump,11,4,HIGH (k<=5)
ICU,smart_infusion_pump,12,4,HIGH (k<=5)
ICU,smart_infusion_pump,13,4,HIGH (k<=5)
ICU,smart_infusion_pump,14,4,HIGH (k<=5)
ICU,smart_infusion_pump,15,4,HIGH (k<=5)
ICU,wearable_spo2,23,4,HIGH (k<=5)
General-A,bp_monitor,0,4,HIGH (k<=5)
General-A,bp_monitor,1,4,HIGH (k<=5)
General-A,bp_monitor,2,4,HIGH (k<=5)
General-A,bp_monitor,3,4,HIGH (k<=5)
General-A,bp_monitor,4,4,HIGH (k<=5)
General-A,bp_monitor,5,4,HIGH (k<=5)
General-A,bp_monitor,6,4,HIGH (k<=5)
General-A,bp_monitor,7,4,HIGH (k<=5)
General-A,bp_monitor,8,4,HIGH (k<=5)
General-A,bp_monitor,9,4,HIGH (k<=5)
General-A,bp_monitor,10,4,HIGH (k<=5)
General-A,bp_monitor,11,4,HIGH (k<=5)
General-A,bp_monitor,12,4,HIGH (k<=5)
General-A,bp_monitor,13,4,HIGH (k<=5)
General-A,bp_monitor,14,4,HIGH (k<=5)
General-A,bp_monitor,15,4,HIGH (k<=5)
ICU,wearable_spo2,0,4,HIGH (k<=5)
ICU,wearable_spo2,1,4,HIGH (k<=5)
ICU,wearable_spo2,2,4,HIGH (k<=5)
ICU,wearable_spo2,3,4,HIGH (k<=5)
ICU,wearable_spo2,4,4,HIGH (k<=5)
ICU,wearable_spo2,5,4,HIGH (k<=5)
ICU,wearable_spo2,6,4,HIGH (k<=5)
ICU,wearable_spo2,7,4,HIGH (k<=5)
ICU,wearable_spo2,8,4,HIGH (k<=5)
ICU,wearable_spo2,9,4,HIGH (k<=5)
ICU,wearable_spo2,10,4,HIGH (k<=5)
ICU,wearable_spo2,11,4,HIGH (k<=5)
ICU,wearable_spo2,12,4,HIGH (k<=5)
ICU,wearable_spo2,13,4,HIGH (k<=5)
ICU,wearable_spo2,14,4,HIGH (k<=5)
ICU,wearable_spo2,15,4,HIGH (k<=5)
Cardiology,smart_infusion_pump,8,4,HIGH (k<=5)
Cardiology,smart_infusion_pump,9,4,HIGH (k<=5)
Cardiology,smart_infusion_pump,10,4,HIGH (k<=5)
Cardiology,smart_infusion_pump,11,4,HIGH (k<=5)
Cardiology,smart_infusion_pump,12,4,HIGH (k<=5)
General-B,wearable_ecg,0,4,HIGH (k<=5)
Cardiology,smart_infusion_pump,14,4,HIGH (k<=5)
Cardiology,smart_infusion_pump,15,4,HIGH (k<=5)
Cardiology,smart_infusion_pump,16,4,HIGH (k<=5)
Cardiology,smart_infusion_pump,17,4,HIGH (k<=5)
Cardiology,smart_infusion_pump,18,4,HIGH (k<=5)
Cardiology,smart_infusion_pump,19,4,HIGH (k<=5)
Cardiology,smart_infusion_pump,20,4,HIGH (k<=5)
Cardiology,smart_infusion_pump,21,4,HIGH (k<=5)
Cardiology,smart_infusion_pump,22,4,HIGH (k<=5)
Cardiology,smart_infusion_pump,23,4,HIGH (k<=5)
Cardiology,glucose_monitor,16,4,HIGH (k<=5)
Cardiology,glucose_monitor,17,4,HIGH (k<=5)
Cardiology,glucose_monitor,18,4,HIGH (k<=5)
Cardiology,glucose_monitor,19,4,HIGH (k<=5)
Cardiology,glucose_monitor,20,4,HIGH (k<=5)
Cardiology,glucose_monitor,21,4,HIGH (k<=5)
Cardiology,glucose_monitor,22,4,HIGH (k<=5)
Cardiology,glucose_monitor,23,4,HIGH (k<=5)
General-B,smart_thermometer,0,5,HIGH (k<=5)
General-B,smart_thermometer,1,5,HIGH (k<=5)
General-B,smart_thermometer,2,5,HIGH (k<=5)
General-B,smart_thermometer,3,5,HIGH (k<=5)
General-B,smart_thermometer,4,5,HIGH (k<=5)
General-B,smart_thermometer,5,5,HIGH (k<=5)
General-B,smart_thermometer,6,5,HIGH (k<=5)
General-B,smart_thermometer,7,5,HIGH (k<=5)
General-B,smart_thermometer,16,5,HIGH (k<=5)
General-B,smart_thermometer,17,5,HIGH (k<=5)
General-B,smart_thermometer,19,5,HIGH (k<=5)
General-B,smart_thermometer,20,5,HIGH (k<=5)
General-B,smart_thermometer,21,5,HIGH (k<=5)
General-B,smart_thermometer,22,5,HIGH (k<=5)
General-B,smart_thermometer,23,5,HIGH (k<=5)
General-B,smart_thermometer,18,5,HIGH (k<=5)
General-B,smart_thermometer,8,5,HIGH (k<=5)
General-B,smart_thermometer,9,5,HIGH (k<=5)
General-B,smart_thermometer,10,5,HIGH (k<=5)
General-B,smart_thermometer,11,5,HIGH (k<=5)
General-B,smart_thermometer,12,5,HIGH (k<=5)
General-B,smart_thermometer,13,5,HIGH (k<=5)
General-B,smart_thermometer,14,5,HIGH (k<=5)
General-B,smart_thermometer,15,5,HIGH (k<=5)
